title,price,image,buyUrl,viewUrl,category,featured
"1:1 AIR FORCE 1
(genuinely 1:1, i have direct contact with factory and can confirm - however price is slightly higher due to legit materials being used:)",$28,image55.jpg,https://joyagoo.com/product/?shop_type=weidian&id=7351045420&ref=300004734,https://joyagoo.com/product/?shop_type=weidian&id=7351045420&ref=300004734,Shoes,FALSE
"1:1 AIR FORCE 1
(same as above!)",$28,image54.jpg,https://joyagoo.com/product/?shop_type=weidian&id=7350070943&ref=300004734,https://joyagoo.com/product/?shop_type=weidian&id=7350070943&ref=300004734,Shoes,FALSE
LJR BEST BATCH (ALL COLORS),$41,image66.jpg,https://joyagoo.com/product/?shop_type=weidian&id=7246279300&ref=300004734,https://joyagoo.com/product/?shop_type=weidian&id=7246279300&ref=300004734,Shoes,FALSE
LOWS BATCH (ALL COLORS),$31,image91.jpg,https://joyagoo.com/product/?shop_type=weidian&id=5361287300&ref=300004734,https://joyagoo.com/product/?shop_type=weidian&id=5361287300&ref=300004734,Shoes,FALSE
BUDGET LOWS,$25,image91.jpg,https://joyagoo.com/product/?shop_type=ali_1688&id=750641022595&ref=300004734,https://joyagoo.com/product/?shop_type=ali_1688&id=750641022595&ref=300004734,Shoes,FALSE
mid batch,$37,image82.jpg,https://joyagoo.com/product/?shop_type=weidian&id=4428977916&ref=300004734,https://joyagoo.com/product/?shop_type=weidian&id=4428977916&ref=300004734,Shoes,FALSE
MID BATCH,$46,image62.jpg,https://joyagoo.com/product/?shop_type=weidian&id=7246355362&ref=300004734,https://joyagoo.com/product/?shop_type=weidian&id=7246355362&ref=300004734,Shoes,FALSE
BEST BATCH (all colors),$60,image87.jpg,https://joyagoo.com/product/?shop_type=weidian&id=4062876978&ref=300004734,https://joyagoo.com/product/?shop_type=weidian&id=4062876978&ref=300004734,Shoes,FALSE
gx batch (WWTOP),$62.50,image57.jpg,https://joyagoo.com/product/?shop_type=weidian&id=5416187188&ref=300004734,https://joyagoo.com/product/?shop_type=weidian&id=5416187188&ref=300004734,Shoes,FALSE
"G batch
(SIMILAR QUALITY TO GX)",$54,image50.jpg,https://joyagoo.com/product/?id=7367308592&shop_type=weidian&ref=300004734,https://joyagoo.com/product/?id=7367308592&shop_type=weidian&ref=300004734,Shoes,TRUE
"BEST BUDGET BATCH
ON joyabuy!",$14.80,image115.jpg,https://joyagoo.com/product/?shop_type=ali_1688&id=738911028437&ref=300004734,https://joyagoo.com/product/?shop_type=ali_1688&id=738911028437&ref=300004734,Shoes,FALSE
kz batch (all colors),$29,image53.jpg,https://joyagoo.com/product/?shop_type=weidian&id=7237848846&ref=300004734,https://joyagoo.com/product/?shop_type=weidian&id=7237848846&ref=300004734,Shoes,FALSE
y3 batch (limited choices),$57,image64.jpg,https://joyagoo.com/product/?shop_type=weidian&id=7246641612&ref=300004734,https://joyagoo.com/product/?shop_type=weidian&id=7246641612&ref=300004734,Shoes,FALSE
jordan 6,$61,image61.jpg,https://joyagoo.com/product/?shop_type=weidian&id=7246637618&ref=300004734,https://joyagoo.com/product/?shop_type=weidian&id=7246637618&ref=300004734,Shoes,FALSE
jordan 11 (low & high),$39.50,image52.jpg,https://joyagoo.com/product/?shop_type=weidian&id=7245637657&ref=300004734,https://joyagoo.com/product/?shop_type=weidian&id=7245637657&ref=300004734,Shoes,FALSE
jordan 11 (low & high),$61,image52.jpg,https://joyagoo.com/product/?shop_type=weidian&id=7274400724&ref=300004734,https://joyagoo.com/product/?shop_type=weidian&id=7274400724&ref=300004734,Shoes,FALSE
jordan 12,$95,image70.jpg,https://joyagoo.com/product/?shop_type=weidian&id=7246520890&ref=300004734,https://joyagoo.com/product/?shop_type=weidian&id=7246520890&ref=300004734,Shoes,FALSE
jordan 13,$80,image49.jpg,https://joyagoo.com/product/?shop_type=weidian&id=7285185324&ref=300004734,https://joyagoo.com/product/?shop_type=weidian&id=7285185324&ref=300004734,Shoes,TRUE
BUDGET LOWS & HIGHS,$37+,image58.jpg,https://joyagoo.com/product/?shop_type=weidian&id=5296282013&ref=300004734,https://joyagoo.com/product/?shop_type=weidian&id=5296282013&ref=300004734,Shoes,FALSE
BEST BATCH LOWS ,$54,image58.jpg,https://joyagoo.com/product/?shop_type=weidian&id=7245287297&ref=300004734,https://joyagoo.com/product/?shop_type=weidian&id=7245287297&ref=300004734,Shoes,FALSE
M BATCH (ALL COLORWAYS),$66,image73.jpg,https://joyagoo.com/product/?shop_type=weidian&id=7245631687&ref=300004734,https://joyagoo.com/product/?shop_type=weidian&id=7245631687&ref=300004734,Shoes,TRUE
m batch (rare colorways),$52,image59.jpg,https://joyagoo.com/product/?shop_type=weidian&id=7245567431&ref=300004734,https://joyagoo.com/product/?shop_type=weidian&id=7245567431&ref=300004734,Shoes,FALSE
BEST BATCH to PRICE ratio,$31,image72.jpg,https://joyagoo.com/product/?shop_type=weidian&id=7246380676&ref=300004734,https://joyagoo.com/product/?shop_type=weidian&id=7246380676&ref=300004734,Shoes,FALSE
OFF WHITE (1-50),$39,image97.jpg,https://joyagoo.com/product/?shop_type=weidian&id=7246327472&ref=300004734,https://joyagoo.com/product/?shop_type=weidian&id=7246327472&ref=300004734,Shoes,FALSE
vt batch,$16,image63.jpg,https://joyagoo.com/product/?shop_type=weidian&id=7255622569&ref=300004734,https://joyagoo.com/product/?shop_type=weidian&id=7255622569&ref=300004734,Shoes,TRUE
SLIDES,$16,image71.jpg,https://joyagoo.com/product/?shop_type=weidian&id=5277267446&ref=300004734,https://joyagoo.com/product/?shop_type=weidian&id=5277267446&ref=300004734,Shoes,FALSE
FOAMRUNNERS & slides,$23.50,image68.jpg,https://joyagoo.com/product/?shop_type=weidian&id=7246595970&ref=300004734,https://joyagoo.com/product/?shop_type=weidian&id=7246595970&ref=300004734,Shoes,FALSE
"350
(best budget - not all sizes)",$20,image67.jpg,https://joyagoo.com/product/?shop_type=weidian&id=7245627701&ref=300004734,https://joyagoo.com/product/?shop_type=weidian&id=7245627701&ref=300004734,Shoes,FALSE
350 (all sizes),$24,image67.jpg,https://joyagoo.com/product/?shop_type=weidian&id=5877225170&ref=300004734,https://joyagoo.com/product/?shop_type=weidian&id=5877225170&ref=300004734,Shoes,FALSE
YEEZY BOOST 500,$41,image60.jpg,https://joyagoo.com/product/?shop_type=weidian&id=7245645629&ref=300004734,https://joyagoo.com/product/?shop_type=weidian&id=7245645629&ref=300004734,Shoes,FALSE
YEEZY 500,$59,image74.jpg,https://joyagoo.com/product/?shop_type=weidian&id=6412324720&ref=300004734,https://joyagoo.com/product/?shop_type=weidian&id=6412324720&ref=300004734,Shoes,FALSE
YEEZY BOOST 700 V2,$56,image69.jpg,https://joyagoo.com/product/?shop_type=weidian&id=7245610057&ref=300004734,https://joyagoo.com/product/?shop_type=weidian&id=7245610057&ref=300004734,Shoes,FALSE
yeezy 700,$55,image78.jpg,https://joyagoo.com/product/?shop_type=weidian&id=5203571269&ref=300004734,https://joyagoo.com/product/?shop_type=weidian&id=5203571269&ref=300004734,Shoes,TRUE
IDEK WHAT THESE ARE HAHA,$53,image75.jpg,https://joyagoo.com/product/?shop_type=weidian&id=5832643914&ref=300004734,https://joyagoo.com/product/?shop_type=weidian&id=5832643914&ref=300004734,Shoes,FALSE
stussy af1 (black & cream),$48,image76.jpg,https://joyagoo.com/product/?shop_type=weidian&id=7245649617&ref=300004734,https://joyagoo.com/product/?shop_type=weidian&id=7245649617&ref=300004734,Shoes,FALSE
af1 (SUPER BUDGET),$14.50,image77.jpg,https://joyagoo.com/product/?shop_type=weidian&id=7246279296&ref=300004734,https://joyagoo.com/product/?shop_type=weidian&id=7246279296&ref=300004734,Shoes,FALSE
af1 skeleton halloween,$58,image85.jpg,https://joyagoo.com/product/?shop_type=weidian&id=7247420570&ref=300004734,https://joyagoo.com/product/?shop_type=weidian&id=7247420570&ref=300004734,Shoes,FALSE
color changing af1,$33,image96.jpg,https://joyagoo.com/product/?shop_type=weidian&id=7246460347&ref=300004734,https://joyagoo.com/product/?shop_type=weidian&id=7246460347&ref=300004734,Shoes,FALSE
airmax 95,$35,image80.jpg,https://joyagoo.com/product/?shop_type=weidian&id=7245555429&ref=300004734,https://joyagoo.com/product/?shop_type=weidian&id=7245555429&ref=300004734,Shoes,FALSE
corteiz airmax 95s,$63,image83.jpg,https://joyagoo.com/product/?shop_type=weidian&id=7245614099&ref=300004734,https://joyagoo.com/product/?shop_type=weidian&id=7245614099&ref=300004734,Shoes,FALSE
corteiz airmax 95s,$35,image83.jpg,https://joyagoo.com/product/?shop_type=weidian&id=7232533835&ref=300004734,https://joyagoo.com/product/?shop_type=weidian&id=7232533835&ref=300004734,Shoes,FALSE
airmax 1,$41.50,image90.jpg,https://joyagoo.com/product/?shop_type=weidian&id=7246627666&ref=300004734,https://joyagoo.com/product/?shop_type=weidian&id=7246627666&ref=300004734,Shoes,FALSE
airmax 97,$40,image166.jpg,https://joyagoo.com/product/?shop_type=weidian&id=7246438461&ref=300004734,https://joyagoo.com/product/?shop_type=weidian&id=7246438461&ref=300004734,Shoes,TRUE
tns,$35,image116.jpg,https://joyagoo.com/product/?shop_type=weidian&id=7245561357&ref=300004734,https://joyagoo.com/product/?shop_type=weidian&id=7245561357&ref=300004734,Shoes,FALSE
vapormax flyknit,$38,image183.jpg,https://joyagoo.com/product/?shop_type=weidian&id=7246400753&ref=300004734,https://joyagoo.com/product/?shop_type=weidian&id=7246400753&ref=300004734,Shoes,FALSE
nike shox tl,$31,image84.jpg,https://joyagoo.com/product/?shop_type=weidian&id=7245621761&ref=300004734,https://joyagoo.com/product/?shop_type=weidian&id=7245621761&ref=300004734,Shoes,FALSE
nike air zoom football/soccer ,$44,image81.jpg,https://joyagoo.com/product/?shop_type=weidian&id=7285299602&ref=300004734,https://joyagoo.com/product/?shop_type=weidian&id=7285299602&ref=300004734,Shoes,FALSE
air more uptempo,$50,image89.jpg,https://joyagoo.com/product/?shop_type=weidian&id=7247386684&ref=300004734,https://joyagoo.com/product/?shop_type=weidian&id=7247386684&ref=300004734,Shoes,FALSE
nocta glide,$52,image98.jpg,https://joyagoo.com/product/?shop_type=weidian&id=7246619700&ref=300004734,https://joyagoo.com/product/?shop_type=weidian&id=7246619700&ref=300004734,Shoes,FALSE
ZOOM VEMEROS,$38,image79.jpg,https://joyagoo.com/product/?shop_type=weidian&id=7285165562&ref=300004734,https://joyagoo.com/product/?shop_type=weidian&id=7285165562&ref=300004734,Shoes,FALSE
THE 50 LOT (YH BATCH),$39,image95.jpg,https://joyagoo.com/product/?shop_type=weidian&id=7246327472&ref=300004734,https://joyagoo.com/product/?shop_type=weidian&id=7246327472&ref=300004734,Shoes,FALSE
blazers,$80,image86.jpg,https://joyagoo.com/product/?shop_type=weidian&id=7246617678&ref=300004734,https://joyagoo.com/product/?shop_type=weidian&id=7246617678&ref=300004734,Shoes,FALSE
OUT OF OFFICE,$54.60,image101.jpg,https://joyagoo.com/product/?shop_type=taobao&id=659080154293&ref=300004734,https://joyagoo.com/product/?shop_type=taobao&id=659080154293&ref=300004734,Shoes,FALSE
990 V3,$48,image100.jpg,https://joyagoo.com/product/?shop_type=weidian&id=5615374692&ref=300004734,https://joyagoo.com/product/?shop_type=weidian&id=5615374692&ref=300004734,Shoes,FALSE
NB1906,$36,image88.jpg,https://joyagoo.com/product/?shop_type=weidian&id=7285175530&ref=300004734,https://joyagoo.com/product/?shop_type=weidian&id=7285175530&ref=300004734,Shoes,FALSE
2002R,$54,image135.jpg,https://joyagoo.com/product/?shop_type=weidian&id=7245555445&ref=300004734,https://joyagoo.com/product/?shop_type=weidian&id=7245555445&ref=300004734,Shoes,FALSE
NB550,$38,image94.jpg,https://joyagoo.com/product/?shop_type=weidian&id=7246563430&ref=300004734,https://joyagoo.com/product/?shop_type=weidian&id=7246563430&ref=300004734,Shoes,FALSE
NB327,$44,image229.jpg,https://joyagoo.com/product/?shop_type=weidian&id=7247430454&ref=300004734,https://joyagoo.com/product/?shop_type=weidian&id=7247430454&ref=300004734,Shoes,FALSE
530 sl miu miu,$62,image107.jpg,https://joyagoo.com/product/?shop_type=weidian&id=7246456369&ref=300004734,https://joyagoo.com/product/?shop_type=weidian&id=7246456369&ref=300004734,Shoes,FALSE
NB9060,$35.60,image108.jpg,https://joyagoo.com/product/?shop_type=weidian&id=7328075760&ref=300004734,https://joyagoo.com/product/?shop_type=weidian&id=7328075760&ref=300004734,Shoes,FALSE
MID bapestaS,$42,image137.jpg,https://joyagoo.com/product/?shop_type=weidian&id=7246538832&ref=300004734,https://joyagoo.com/product/?shop_type=weidian&id=7246538832&ref=300004734,Shoes,FALSE
1:1 BAPESTAS,$58,image137.jpg,https://joyagoo.com/product/?shop_type=weidian&id=7247339180&ref=300004734,https://joyagoo.com/product/?shop_type=weidian&id=7247339180&ref=300004734,Shoes,FALSE
BAPESTA SHARKFACE,$60.50,image92.jpg,https://joyagoo.com/product/?shop_type=weidian&id=7246406645&ref=300004734,https://joyagoo.com/product/?shop_type=weidian&id=7246406645&ref=300004734,Shoes,FALSE
B30,$41.50,image203.jpg,https://joyagoo.com/product/?shop_type=weidian&id=7246398631&ref=300004734,https://joyagoo.com/product/?shop_type=weidian&id=7246398631&ref=300004734,Shoes,FALSE
B30,$68,image93.jpg,https://joyagoo.com/product/?shop_type=weidian&id=7274665320&ref=300004734,https://joyagoo.com/product/?shop_type=weidian&id=7274665320&ref=300004734,Shoes,FALSE
b31,$86,image157.jpg,https://joyagoo.com/product/?shop_type=weidian&id=7247341224&ref=300004734,https://joyagoo.com/product/?shop_type=weidian&id=7247341224&ref=300004734,Shoes,FALSE
b33,$61,image99.jpg,https://joyagoo.com/product/?shop_type=weidian&id=7246428569&ref=300004734,https://joyagoo.com/product/?shop_type=weidian&id=7246428569&ref=300004734,Shoes,FALSE
B23 (HIGH & LOW),$48,image114.jpg,https://joyagoo.com/product/?shop_type=weidian&id=7246551410&ref=300004734,https://joyagoo.com/product/?shop_type=weidian&id=7246551410&ref=300004734,Shoes,FALSE
B57,$64,image149.jpg,https://joyagoo.com/product/?shop_type=weidian&id=7245603985&ref=300004734,https://joyagoo.com/product/?shop_type=weidian&id=7245603985&ref=300004734,Shoes,FALSE
alpha sandals,$48,image102.jpg,https://joyagoo.com/product/?shop_type=weidian&id=7247380756&ref=300004734,https://joyagoo.com/product/?shop_type=weidian&id=7247380756&ref=300004734,Shoes,FALSE
RAMONES,$63.50,image105.jpg,https://joyagoo.com/product/?shop_type=taobao&id=590675777148&ref=300004734,https://joyagoo.com/product/?shop_type=taobao&id=590675777148&ref=300004734,Shoes,FALSE
JUMBO LACES,$68,image103.jpg,https://joyagoo.com/product/?shop_type=taobao&id=673096171707&ref=300004734,https://joyagoo.com/product/?shop_type=taobao&id=673096171707&ref=300004734,Shoes,FALSE
ALEXANDER MCQUEEN,$52,image123.jpg,https://joyagoo.com/product/?shop_type=weidian&id=4381856414&ref=300004734,https://joyagoo.com/product/?shop_type=weidian&id=4381856414&ref=300004734,Shoes,FALSE
BALENCIAGA runners,$53,image124.jpg,https://joyagoo.com/product/?shop_type=weidian&id=5925070859&ref=300004734,https://joyagoo.com/product/?shop_type=weidian&id=5925070859&ref=300004734,Shoes,FALSE
balenciaga led,$111,image122.jpg,https://joyagoo.com/product/?shop_type=weidian&id=5619675908&ref=300004734,https://joyagoo.com/product/?shop_type=weidian&id=5619675908&ref=300004734,Shoes,FALSE
balenciaga slides,$29,image126.jpg,https://joyagoo.com/product/?shop_type=weidian&id=7246420587&ref=300004734,https://joyagoo.com/product/?shop_type=weidian&id=7246420587&ref=300004734,Shoes,FALSE
balenciaga TRACK 2.0,$69,image125.jpg,https://joyagoo.com/product/?shop_type=weidian&id=7254292715&ref=300004734,https://joyagoo.com/product/?shop_type=weidian&id=7254292715&ref=300004734,Shoes,FALSE
balenciaga,$101,image104.jpg,https://joyagoo.com/product/?shop_type=weidian&id=7246573258&ref=300004734,https://joyagoo.com/product/?shop_type=weidian&id=7246573258&ref=300004734,Shoes,FALSE
balenciaga,$103,image111.jpg,https://joyagoo.com/product/?shop_type=weidian&id=7245621779&ref=300004734,https://joyagoo.com/product/?shop_type=weidian&id=7245621779&ref=300004734,Shoes,FALSE
balenciaga,$54,image106.jpg,https://joyagoo.com/product/?shop_type=weidian&id=7246580156&ref=300004734,https://joyagoo.com/product/?shop_type=weidian&id=7246580156&ref=300004734,Shoes,FALSE
balenciaga,$49,image109.jpg,https://joyagoo.com/product/?shop_type=weidian&id=7246543394&ref=300004734,https://joyagoo.com/product/?shop_type=weidian&id=7246543394&ref=300004734,Shoes,FALSE
balenciaga,$98,image121.jpg,https://joyagoo.com/product/?shop_type=weidian&id=7245527545&ref=300004734,https://joyagoo.com/product/?shop_type=weidian&id=7245527545&ref=300004734,Shoes,FALSE
balenciaga,$83,image120.jpg,https://joyagoo.com/product/?shop_type=weidian&id=7273700961&ref=300004734,https://joyagoo.com/product/?shop_type=weidian&id=7273700961&ref=300004734,Shoes,FALSE
"louis vuitton trainers
(all colorways!)",$38.50,image128.jpg,https://joyagoo.com/product/?shop_type=ali_1688&id=716844685812&ref=300004734,https://joyagoo.com/product/?shop_type=ali_1688&id=716844685812&ref=300004734,Shoes,FALSE
LV SNEAKERS,$80,image112.jpg,https://joyagoo.com/product/?shop_type=weidian&id=7246584322&ref=300004734,https://joyagoo.com/product/?shop_type=weidian&id=7246584322&ref=300004734,Shoes,FALSE
LV SNEAKERS (MORE COLORS),$80,image113.jpg,https://joyagoo.com/product/?shop_type=weidian&id=7284187367&ref=300004734,https://joyagoo.com/product/?shop_type=weidian&id=7284187367&ref=300004734,Shoes,FALSE
"louis vuitton trainers
(budget batch)",$15.50,image145.jpg,https://joyagoo.com/product/?shop_type=weidian&id=4755106410&ref=300004734,https://joyagoo.com/product/?shop_type=weidian&id=4755106410&ref=300004734,Shoes,FALSE
louis vuitton waterfront mule slides,$27.50,image127.jpg,https://joyagoo.com/product/?shop_type=weidian&id=7251704900&ref=300004734,https://joyagoo.com/product/?shop_type=weidian&id=7251704900&ref=300004734,Shoes,FALSE
ADIDAS CAMPUS ORIGINALS,$28,image118.jpg,https://joyagoo.com/product/?shop_type=weidian&id=7245551387&ref=300004734,https://joyagoo.com/product/?shop_type=weidian&id=7245551387&ref=300004734,Shoes,TRUE
BAD BUNNY X ADIDAS CAMPUS,$54,image119.jpg,https://joyagoo.com/product/?shop_type=weidian&id=7246531502&ref=300004734,https://joyagoo.com/product/?shop_type=weidian&id=7246531502&ref=300004734,Shoes,FALSE
ADDIDAS,$26,image117.jpg,https://joyagoo.com/product/?shop_type=weidian&id=7274698862&ref=300004734,https://joyagoo.com/product/?shop_type=weidian&id=7274698862&ref=300004734,Shoes,FALSE
"samba wales bonner
(multiple colorways!)",$37,image139.jpg,https://joyagoo.com/product/?shop_type=weidian&id=7245528903&ref=300004734,https://joyagoo.com/product/?shop_type=weidian&id=7245528903&ref=300004734,Shoes,FALSE
"kyrie 5
(all colorways!)",$29,image143.jpg,https://joyagoo.com/product/?shop_type=ali_1688&id=665253807078&ref=300004734,https://joyagoo.com/product/?shop_type=ali_1688&id=665253807078&ref=300004734,Shoes,FALSE
kobe 5/6/8,$60,image159.jpg,https://joyagoo.com/product/?shop_type=weidian&id=7285187086&ref=300004734,https://joyagoo.com/product/?shop_type=weidian&id=7285187086&ref=300004734,Shoes,FALSE
skel top lows,$68,image138.jpg,https://joyagoo.com/product/?shop_type=weidian&id=7246571372&ref=300004734,https://joyagoo.com/product/?shop_type=weidian&id=7246571372&ref=300004734,Shoes,FALSE
uggs (multiple choices),$28,image129.jpg,https://joyagoo.com/product/?shop_type=weidian&id=7247400644&ref=300004734,https://joyagoo.com/product/?shop_type=weidian&id=7247400644&ref=300004734,Shoes,FALSE
uggs (multiple choices),$29,image130.jpg,https://joyagoo.com/product/?shop_type=weidian&id=7247400644&ref=300004734,https://joyagoo.com/product/?shop_type=weidian&id=7247400644&ref=300004734,Shoes,FALSE
uggs (multiple choices),$30,image131.jpg,https://joyagoo.com/product/?shop_type=weidian&id=7247400644&ref=300004734,https://joyagoo.com/product/?shop_type=weidian&id=7247400644&ref=300004734,Shoes,FALSE
uggs (multiple choices),$31,image134.jpg,https://joyagoo.com/product/?shop_type=weidian&id=7247400644&ref=300004734,https://joyagoo.com/product/?shop_type=weidian&id=7247400644&ref=300004734,Shoes,FALSE
uggs (multiple choices),$32,image132.jpg,https://joyagoo.com/product/?shop_type=weidian&id=7247400644&ref=300004734,https://joyagoo.com/product/?shop_type=weidian&id=7247400644&ref=300004734,Shoes,FALSE
clogs,$38,image133.jpg,https://joyagoo.com/product/?shop_type=weidian&id=7247382770&ref=300004734,https://joyagoo.com/product/?shop_type=weidian&id=7247382770&ref=300004734,Shoes,FALSE
Black Peterson LOW,$23.50,image155.jpg,https://joyagoo.com/product/?shop_type=weidian&id=7247356970&ref=300004734,https://joyagoo.com/product/?shop_type=weidian&id=7247356970&ref=300004734,Shoes,FALSE
Converse Comme des Gar√ßons,$27,image156.jpg,https://joyagoo.com/product/?shop_type=weidian&id=7247457746&ref=300004734,https://joyagoo.com/product/?shop_type=weidian&id=7247457746&ref=300004734,Shoes,FALSE
LAVIN CURB,$69,image259.jpg,https://joyagoo.com/product/?shop_type=weidian&id=7245621785&ref=300004734,https://joyagoo.com/product/?shop_type=weidian&id=7245621785&ref=300004734,Shoes,FALSE
GUCCI,$78,image148.jpg,https://joyagoo.com/product/?shop_type=weidian&id=7273406719&ref=300004734,https://joyagoo.com/product/?shop_type=weidian&id=7273406719&ref=300004734,Shoes,FALSE
GUCCI,$57,image136.jpg,https://joyagoo.com/product/?shop_type=weidian&id=7273671311&ref=300004734,https://joyagoo.com/product/?shop_type=weidian&id=7273671311&ref=300004734,Shoes,FALSE
GUCCI,$57,image140.jpg,https://joyagoo.com/product/?shop_type=weidian&id=7273763757&ref=300004734,https://joyagoo.com/product/?shop_type=weidian&id=7273763757&ref=300004734,Shoes,FALSE
GUCCI,$62,image141.jpg,https://joyagoo.com/product/?shop_type=weidian&id=7273759797&ref=300004734,https://joyagoo.com/product/?shop_type=weidian&id=7273759797&ref=300004734,Shoes,FALSE
"ASICS Gel
(ALL COLORWAYS)",$47,image144.jpg,https://joyagoo.com/product/?shop_type=weidian&id=7285279814&ref=300004734,https://joyagoo.com/product/?shop_type=weidian&id=7285279814&ref=300004734,Shoes,FALSE
ASICS,$42,image147.jpg,https://joyagoo.com/product/?shop_type=weidian&id=7274669272&ref=300004734,https://joyagoo.com/product/?shop_type=weidian&id=7274669272&ref=300004734,Shoes,FALSE
CHANEL,$73,image146.jpg,https://joyagoo.com/product/?shop_type=weidian&id=7274665312&ref=300004734,https://joyagoo.com/product/?shop_type=weidian&id=7274665312&ref=300004734,Shoes,FALSE
"TIMBS
(MULTIPLE COLORWAYS AND STYLES)",$50,image142.jpg,https://joyagoo.com/product/?shop_type=weidian&id=7284285801&ref=300004734,https://joyagoo.com/product/?shop_type=weidian&id=7284285801&ref=300004734,Shoes,FALSE
LOAFERS,$24,image150.jpg,https://joyagoo.com/product/?shop_type=weidian&id=7287926462&ref=300004734,https://joyagoo.com/product/?shop_type=weidian&id=7287926462&ref=300004734,Shoes,FALSE
PRADA,$39,image158.jpg,https://joyagoo.com/product/?shop_type=weidian&id=7285224732&ref=300004734,https://joyagoo.com/product/?shop_type=weidian&id=7285224732&ref=300004734,Shoes,FALSE